Workbook

Sheet Summary
A1: FYP - HealthConnect Test Suite: Summary
A4: Level | B4: Total | C4: Passed | D4: Partial / Failed | E4: Pass rate | F4: Automated | G4: Manual
A5: Unit | B5: =COUNTIFS('Test Cases'!$B$2:$B$76,$A5) -> 20 | C5: =COUNTIFS('Test Cases'!$B$2:$B$76,$A5,'Test Cases'!$H$2:$H$76,"PASS") -> 20 | D5: =B5-C5 -> 0 | E5: =IF(B5=0,0,C5/B5) -> 1 | F5: =COUNTIFS('Test Cases'!$B$2:$B$76,$A5,'Test Cases'!$I$2:$I$76,"Automated") -> 20 | G5: =COUNTIFS('Test Cases'!$B$2:$B$76,$A5,'Test Cases'!$I$2:$I$76,"Manual") -> 0
A6: Integration | B6: =COUNTIFS('Test Cases'!$B$2:$B$76,$A6) -> 22 | C6: =COUNTIFS('Test Cases'!$B$2:$B$76,$A6,'Test Cases'!$H$2:$H$76,"PASS") -> 21 | D6: =B6-C6 -> 1 | E6: =IF(B6=0,0,C6/B6) -> 0.95454545 | F6: =COUNTIFS('Test Cases'!$B$2:$B$76,$A6,'Test Cases'!$I$2:$I$76,"Automated") -> 0 | G6: =COUNTIFS('Test Cases'!$B$2:$B$76,$A6,'Test Cases'!$I$2:$I$76,"Manual") -> 22
A7: System | B7: =COUNTIFS('Test Cases'!$B$2:$B$76,$A7) -> 25 | C7: =COUNTIFS('Test Cases'!$B$2:$B$76,$A7,'Test Cases'!$H$2:$H$76,"PASS") -> 25 | D7: =B7-C7 -> 0 | E7: =IF(B7=0,0,C7/B7) -> 1 | F7: =COUNTIFS('Test Cases'!$B$2:$B$76,$A7,'Test Cases'!$I$2:$I$76,"Automated") -> 0 | G7: =COUNTIFS('Test Cases'!$B$2:$B$76,$A7,'Test Cases'!$I$2:$I$76,"Manual") -> 25
A8: Acceptance | B8: =COUNTIFS('Test Cases'!$B$2:$B$76,$A8) -> 8 | C8: =COUNTIFS('Test Cases'!$B$2:$B$76,$A8,'Test Cases'!$H$2:$H$76,"PASS") -> 8 | D8: =B8-C8 -> 0 | E8: =IF(B8=0,0,C8/B8) -> 1 | F8: =COUNTIFS('Test Cases'!$B$2:$B$76,$A8,'Test Cases'!$I$2:$I$76,"Automated") -> 0 | G8: =COUNTIFS('Test Cases'!$B$2:$B$76,$A8,'Test Cases'!$I$2:$I$76,"Manual") -> 8
A9: TOTAL | B9: =SUM(B5:B8) -> 75 | C9: =SUM(C5:C8) -> 74 | D9: =SUM(D5:D8) -> 1 | E9: =IF(B9=0,0,C9/B9) -> 0.98666667 | F9: =SUM(F5:F8) -> 20 | G9: =SUM(G5:G8) -> 55
A12: Report : 75 total, 74 passed, 1 partial (98.7%).
A15: Legend
A16: Result | B16: Stated
A17: Execution Type | B17: Manual / Automated
A18: Priority | B18: Low / Medium / High
A19: Requirement ID | B19: FR-01 to FR-20

Sheet Test Cases
A1: Test ID | B1: Level | C1: Module / Component | D1: Scenario | E1: Steps / Input | F1: Expected Result | G1: Actual Result | H1: Result | I1: Execution Type | J1: Priority (assigned) | K1: Requirement ID
A2: UT-01 | B2: Unit | C2: formatTime() | D2: Standard 24-hour input | E2: Input: '13:30' | F2: Return string: '1:30 PM' | G2: Returned string: '1:30 PM' | H2: PASS | I2: Automated | J2: Low | K2: FR-06
A3: UT-02 | B3: Unit | C3: formatTime() | D3: Boundary input (midnight) | E3: Input: '00:00' | F3: Return string: '12:00 AM' | G3: Returned string: '12:00 AM' | H3: PASS | I3: Automated | J3: Low | K3: FR-06
A4: UT-03 | B4: Unit | C4: formatTime() | D4: Boundary input (noon) | E4: Input: '12:00' | F4: Return string: '12:00 PM' | G4: Returned string: '12:00 PM' | H4: PASS | I4: Automated | J4: Low | K4: FR-06
A5: UT-04 | B5: Unit | C5: formatTime() | D5: Boundary input (end of day) | E5: Input: '23:59' | F5: Return string: '11:59 PM' | G5: Returned string: '11:59 PM' | H5: PASS | I5: Automated | J5: Low | K5: FR-06
A6: UT-05 | B6: Unit | C6: validateIC() | D6: Valid standard IC | E6: Input: '010203-10-1234' | F6: Return null (no error) | G6: Returned null | H6: PASS | I6: Automated | J6: Medium | K6: FR-04
A7: UT-06 | B7: Unit | C7: validateIC() | D7: Invalid month (13) | E7: Input: '011303-10-1234' | F7: Return error string: 'Invalid IC: month must be 01-12' | G7: Correct error message returned | H7: PASS | I7: Automated | J7: Medium | K7: FR-04
A8: UT-07 | B8: Unit | C8: validateIC() | D8: Impossible date (Feb 30) | E8: Input: '010230-10-1234' | F8: Return error string: 'Invalid IC: February day must be 01-29' | G8: Correct error message returned | H8: PASS | I8: Automated | J8: Medium | K8: FR-04
A9: UT-08 | B9: Unit | C9: validateIC() | D9: Missing hyphen format | E9: Input: '01023010-1234' | F9: Return error string: 'IC must follow format XXXXXX-XXXXXX' | G9: Correct error message returned | H9: PASS | I9: Automated | J9: Medium | K9: FR-04
A10: UT-09 | B10: Unit | C10: normalizeMYPhone() | D10: Valid 10-digit input | E10: Input: '0123456789' | F10: Return E.164 object: { value: '+60123456789' } | G10: Correct E.164 object returned | H10: PASS | I10: Automated | J10: Medium | K10: FR-04
A11: UT-10 | B11: Unit | C11: normalizeMYPhone() | D11: Input with +60 prefix | E11: Input: '+60123456789' | F11: Return E.164 object: { value: '+60123456789' } | G11: Correct normalisation returned | H11: PASS | I11: Automated | J11: Medium | K11: FR-04
A12: UT-11 | B12: Unit | C12: normalizeMYPhone() | D12: Valid 011 prefix (11 digits) | E12: Input: '01123456789' | F12: Return E.164 object: { value: '+601123456789' } | G12: Correct E.164 object returned | H12: PASS | I12: Automated | J12: Medium | K12: FR-04
... A76: AT-08 | B76: Acceptance | C76: Acceptance (requirement check) | D76: Zero-Trust Security | E76: Executed cross-user API calls with standard JWTs, sent forged Stripe signatures to Webhook, and requested TURN credentials with stripped Auth headers. | F76: Requirement: All sensitive endpoints (APIs, Database, Webhooks) must actively reject unauthenticated or forged access attempts. | G76: Result recorded as PASS in report (Table C.6). Verification method is in the Steps / Input column. | H76: PASS | I76: Manual | J76: High | K76: NFR: Data Security

Sheet Traceability
A1: Req ID | B1: Functional requirement | C1: Status (report) | D1: Test IDs
A2: FR-01 | B2: Separate User Roles & Dashboards | C2: Achieved | D2: ST-03, ST-13, ST-23, ST-24, AT-01
A3: FR-02 | B3: Email Verification | C3: Achieved | D3: ST-01, ST-02, IT-03
A4: FR-03 | B4: Doctor Account Approval | C4: Achieved | D4: ST-12, ST-13, ST-23, AT-02
A5: FR-04 | B5: Patient Registration & Form Validation | C5: Achieved | D5: ST-01, ST-02, UT-05 to UT-13
A6: FR-05 | B6: Doctor Registration | C6: Achieved | D6: ST-12
A7: FR-06 | B7: Appointment Booking & Preventing Double-Booking | C7: Achieved | D7: ST-06, ST-07, IT-06, IT-07, AT-03
A8: FR-07 | B8: Doctor Availability Settings | C8: Achieved | D8: ST-14
A9: FR-08 | B9: Approve/Reject Appointments | C9: Achieved | D9: ST-15, ST-16
A10: FR-09 | B10: Video Consultations | C10: Achieved | D10: ST-18, ST-19, IT-18, AT-04
A11: FR-10 | B11: Live Consultation Chat | C11: Achieved | D11: ST-09, IT-09
A12: FR-11 | B12: Medical Records | C12: Achieved | D12: ST-20, UT-17
... A21: FR-20 | B21: Admin Dashboard | C21: Achieved | D21: ST-23, AT-02
